n_mrmr_features,n_pacmap_dims,cv_accuracy
100,12,0.859177439141852
80,12,0.8581792742646834
100,8,0.8574680374324503
80,5,0.8564715961513114
100,5,0.8561868986424146
80,8,0.8549053543003721
70,5,0.850776327929353
70,8,0.8489235635854853
70,12,0.8489219413774574
50,12,0.84650464863988
50,8,0.8465042430878731
30,12,0.8449354665368899
50,5,0.8425169571432918
30,8,0.8409481805923086
30,5,0.8371049669982054
